{
  "record.paris": {
    "sounds": [
      {
        "name": "paris",
        "stream": true
      }
    ]
  },
  "record.chamberofreflection": {
    "sounds": [
      {
        "name": "chamberofreflection",
        "stream": true
      }
    ]
  },
  "record.wellmeetagain": {
    "sounds": [
      {
        "name": "wellmeetagain",
        "stream": true
      }
    ]
  },
  "record.hollywoodsbleeding": {
    "sounds": [
      {
        "name": "hollywoodsbleeding",
        "stream": true
      }
    ]
  },
  "record.everybody": {
    "sounds": [
      {
        "name": "everybody",
        "stream": true
      }
    ]
  },
  "record.sickomode": {
    "sounds": [
      {
        "name": "sickomode",
        "stream": true
      }
    ]
  },
  "record.heartless": {
    "sounds": [
      {
        "name": "heartless",
        "stream": true
      }
    ]
  },
  "record.fein": {
    "sounds": [
      {
        "name": "fein",
        "stream": true
      }
    ]
  },
  "effects.knocking": {
    "sounds": [
      {
        "name": "knocking",
        "stream": true
      }
    ]
  }
}