{
    "parent": "watching:main/built_shrine",
    "display": {
        "icon": {
            "item": "minecraft:disc_fragment_5",
            "nbt": "{CustomModelData:1359016}"
        },
        "title": {
            "translate": "advancements.ftf.ghost_miner.title"
        },
        "description": {
            "translate": "advancements.ftf.ghost_miner.description"
        },
        "show_toast": true,
        "announce_to_chat": true
    },
    "criteria": {
        "requirement": {
            "trigger": "minecraft:impossible"
        }
    }
}
